frame,DetObj#,x,y,z,v,snr,noise
0,0,-2.7480356693267822,1.0200271606445312,0.0,-0.12429994344711304,179,649
1,0,3.5266456604003906,18.475194931030273,0.0,-0.8700996041297913,167,664
